regulatory_id,regulation,timeline,impact,description,product_category,compliance_cost
RC001,Updated Nutrition Facts Panel Requirements,Q3 2025,Neutral,FDA mandating revised nutrition facts panel with added sugar disclosure and updated serving sizes,All,Medium
RC002,Organic Certification Standards Revision,Q4 2025,Positive,USDA implementing stricter organic certification requirements that may benefit established organic producers,Raw & Fruit Bars,High
RC003,Allergen Labeling Expansion,Q2 2025,Negative,New requirements to highlight additional allergens beyond current mandated list increasing compliance complexity,Nut & Seed Bars,Medium
RC004,Sustainable Packaging Incentives,Q1 2026,Positive,Tax incentives for companies using minimum 30% recycled content in packaging materials,All,Medium-High
RC005,Non-GMO Verification Program Changes,Q3 2025,Neutral,Revised testing and certification requirements for non-GMO claims on product packaging,All,Medium
RC006,Import Tariffs on Selected Nuts,Current,Negative,Recent 12% tariff increase on selected imported nuts affecting production costs for nut-based bars,Nut & Seed Bars,High
RC007,Clean Label Definition Standards,Q1 2026,Positive,Industry association establishing certified "clean label" standards creating competitive advantage for compliant products,All,Low
RC008,Sugar Tax Proposal,Under Discussion,Negative,Potential local and state taxes on products exceeding certain sugar content thresholds,Raw & Fruit Bars,Unknown
RC009,Hemp-Derived Ingredient Regulations,Q2 2025,Positive,FDA clarifying regulations around hemp-derived ingredients in food products,Energy Bars,Low
RC010,Supply Chain Transparency Requirements,Q4 2025,Neutral,New requirements for documenting ingredient sources and sustainability practices,All,Medium
RC011,Seasonal Ingredient Availability Regulations,Q3 2025,Neutral,New guidelines on seasonal ingredient sourcing claims and documentation requirements,Raw & Fruit Bars,Low
RC012,School Nutrition Program Requirements,Current,Positive,Updated federal guidelines for acceptable snack products in school nutrition programs,All,Low
RC013,Compostable Packaging Standards,Q2 2025,Positive,New certification standards for compostable packaging materials with implementation timeline,All,Medium
RC014,Small Business Exemption Thresholds,Q1 2025,Positive,Adjusted revenue thresholds for small business exemptions from certain regulatory requirements,All,Low
RC015,Cross-Border E-commerce Regulations,Q3 2025,Neutral,New requirements for labeling and ingredient disclosure for products sold online across state lines,All,Medium
